Yorum;Duygu
Satıcı çok ilgiliydi, bu kadarını beklemiyordum. (Jeremiah Watkins - 10/01/2025);Şaşkın
Ürün kırık geldi, bu beni gerçekten üzdü. (Jessica Smith - 21/01/2025);Üzgün
Sipariş ettiğim ürün yerine başka bir şey göndermişler. (Christopher Kelly - 15/01/2025);Üzgün
İlk kez bir alışverişte bu kadar memnun kaldım. (Joseph Cooke - 17/01/2025);Mutlu
Satıcı sorularıma hiç yanıt vermedi, çok sinirliyim. (Amber Terry - 19/01/2025);Öfkeli
Paketleme o kadar güzeldi ki, hayran kaldım. (Jesse Anderson - 03/01/2025);Mutlu
Tahmin ettiğimden çok daha sağlam bir ürün geldi. (Haley Brown - 01/01/2025);Şaşkın
Sipariş yanlış geldi ve kimse yardımcı olmuyor. (Kurt Ross - 18/01/2025);Öfkeli
Sipariş yanlış geldi ve kimse yardımcı olmuyor. (Charles Smith - 05/01/2025);Öfkeli
Böylesine kaliteli bir hizmet aldığım için mutluyum. (Lisa Torres - 15/01/2025);Mutlu
Keşke bu alışverişi yapmasaydım, hiç memnun kalmadım. (Melissa Leonard - 06/01/2025);Üzgün
Paketleme çok yaratıcıydı, ilk defa böyle bir şey gördüm. (Rebecca Martinez - 19/01/2025);Şaşkın
Kargo tahminimden erken geldi, şaşkınım. (Jennifer Day - 16/01/2025);Şaşkın
Kargo tahminimden erken geldi, şaşkınım. (Melissa Edwards - 09/01/2025);Şaşkın
Ürün açıklamada belirtilenden tamamen farklı! (Brenda Powell - 14/01/2025);Öfkeli
Destek ekibi sorunumla ilgilenmiyor, çok sinirliyim. (Robert Johnson - 04/01/2025);Öfkeli
Tahmin ettiğimden çok daha sağlam bir ürün geldi. (Sarah Miller - 21/01/2025);Şaşkın
Kargo çok yavaş geldi ve ürün kalitesizdi. (Adam Ellis Jr. - 04/01/2025);Üzgün
Fiyatına göre harika bir kalite, kesinlikle tavsiye ederim. (David Bennett - 19/01/2025);Mutlu
Hayatımda bu kadar kaliteli bir ürün görmedim. (Arthur Bowman - 01/01/2025);Mutlu
Beklediğimden çok daha iyi bir ürün çıktı, inanamadım! (Justin Smith - 08/01/2025);Şaşkın
Satıcının ilgisi beni çok mutlu etti. (Michael Duncan - 19/01/2025);Mutlu
Satıcıya ulaşamıyorum, sorunumu çözmüyorlar. (Jaime Morrison - 05/01/2025);Üzgün
Ürün harika çalışıyor, uzun süre dayanacak gibi görünüyor. (Victor Cruz - 19/01/2025);Mutlu
Paketleme çok yaratıcıydı, ilk defa böyle bir şey gördüm. (Kim Lutz - 07/01/2025);Şaşkın
Kargo çok yavaş geldi ve ürün kalitesizdi. (David Hoffman - 07/01/2025);Üzgün
Böylesine kötü bir hizmet almak beni çileden çıkardı. (Mrs. Sandra Smith - 07/01/2025);Öfkeli
Bu kadar kötü bir kalite beklemiyordum, hayal kırıklığına uğradım. (Gabriel Brown - 07/01/2025);Üzgün
Ürün tam zamanında geldi, çok memnunum. (Kathryn Barnes - 21/01/2025);Mutlu
Keşke bu alışverişi yapmasaydım, hiç memnun kalmadım. (Ebony Rice - 01/01/2025);Üzgün
Paketleme o kadar güzeldi ki, hayran kaldım. (Joseph Reyes - 19/01/2025);Mutlu
Bu deneyim tam bir kabus, kimseye tavsiye etmem. (Brian Carter - 09/01/2025);Öfkeli
Fiyat performans açısından inanılmaz bir ürün! (Mary Tucker - 16/01/2025);Şaşkın
Satıcının ilgisi beni çok mutlu etti. (James Wallace - 19/01/2025);Mutlu
Satıcı çok ilgiliydi, bu kadarını beklemiyordum. (Paul Long - 03/01/2025);Şaşkın
Böylesine kaliteli bir hizmet aldığım için mutluyum. (Ivan Gomez - 12/01/2025);Mutlu
Bu kadar güzel bir paketleme beklemiyordum, çok etkilendim. (Heather Campbell - 17/01/2025);Şaşkın
Fiyat performans açısından inanılmaz bir ürün! (Cassandra Price - 12/01/2025);Şaşkın
Beklediğimden çok daha iyi bir ürün çıktı, inanamadım! (Jason Reynolds - 10/01/2025);Şaşkın
Kargo çok gecikti ve ürün beklentimi karşılamadı. (Brenda Fisher - 09/01/2025);Üzgün
Bu kadar kötü bir kalite beklemiyordum, hayal kırıklığına uğradım. (Kellie Mcpherson - 18/01/2025);Üzgün
Satıcıya ulaşamıyorum, sorunumu çözmüyorlar. (Carla Smith - 07/01/2025);Üzgün
Sipariş yanlış geldi ve kimse yardımcı olmuyor. (Joshua Santos - 02/01/2025);Öfkeli
Paketleme o kadar güzeldi ki, hayran kaldım. (Francisco Warren - 01/01/2025);Mutlu
Paketleme o kadar güzeldi ki, hayran kaldım. (Jeremy Turner - 17/01/2025);Mutlu
Ürün tam zamanında geldi, çok memnunum. (Nicole Bryant - 21/01/2025);Mutlu
Ürün kırık geldi, bu beni gerçekten üzdü. (Harold Robinson - 21/01/2025);Üzgün
Paketleme çok yaratıcıydı, ilk defa böyle bir şey gördüm. (Mark Pittman - 01/01/2025);Şaşkın
Ürün tam zamanında geldi, çok memnunum. (Manuel Jones - 01/01/2025);Mutlu
Bu kadar güzel bir paketleme beklemiyordum, çok etkilendim. (Elizabeth Villanueva - 16/01/2025);Şaşkın
Bu alışveriş tam bir rezaletti, paramı boşa harcadım. (James Weiss - 11/01/2025);Öfkeli
Kargo tahminimden erken geldi, şaşkınım. (David Robinson - 15/01/2025);Şaşkın
Kargo tahminimden erken geldi, şaşkınım. (Amy Dorsey - 06/01/2025);Şaşkın
Ürün harika çalışıyor, uzun süre dayanacak gibi görünüyor. (Julie Bryant DVM - 19/01/2025);Mutlu
Satıcı çok ilgiliydi, bu kadarını beklemiyordum. (Steven Ramirez - 15/01/2025);Şaşkın
Kargo şirketiyle sorun yaşadım, ürün çok geç geldi. (Kathleen Ellis - 17/01/2025);Öfkeli
Satıcı sorularıma hiç yanıt vermedi, çok sinirliyim. (Janice Rice - 15/01/2025);Öfkeli
Böylesine kaliteli bir hizmet aldığım için mutluyum. (Andrew Adkins - 08/01/2025);Mutlu
Bu deneyim tam bir kabus, kimseye tavsiye etmem. (Gregory Garcia - 15/01/2025);Öfkeli
Fiyat performans açısından inanılmaz bir ürün! (Gregory Holden - 17/01/2025);Şaşkın
Kargo çok yavaş geldi ve ürün kalitesizdi. (Joann Mora - 20/01/2025);Üzgün
Satıcı sorularıma hiç yanıt vermedi, çok sinirliyim. (Dustin Ross - 13/01/2025);Öfkeli
Bu kadar kötü bir kalite beklemiyordum, hayal kırıklığına uğradım. (Eileen Nelson - 06/01/2025);Üzgün
Ürün açıklamada belirtilenden tamamen farklı! (Destiny Williams - 19/01/2025);Öfkeli
Bu alışveriş tam bir rezaletti, paramı boşa harcadım. (Nicole Harris - 13/01/2025);Öfkeli
Böylesine kötü bir hizmet almak beni çileden çıkardı. (Steven Farrell - 01/01/2025);Öfkeli
Ürün fiyatına göre o kadar kaliteli ki hayret ettim. (Alec Brown - 11/01/2025);Şaşkın
Üründe eksik parçalar vardı, çok üzüldüm. (Crystal Hartman - 11/01/2025);Üzgün
Satıcı sorularıma hiç yanıt vermedi, çok sinirliyim. (Brandon Rodriguez - 11/01/2025);Öfkeli
Beklentilerim çok yüksekti, ama karşılanmadı. (Walter Gomez - 09/01/2025);Üzgün
Ürün tam zamanında geldi, çok memnunum. (David Foster - 07/01/2025);Mutlu
Ürün açıklamada belirtilenden tamamen farklı! (Donald Martinez - 16/01/2025);Öfkeli
Beklediğimden çok daha iyi bir ürün çıktı, inanamadım! (Melissa Miller - 02/01/2025);Şaşkın
Keşke bu alışverişi yapmasaydım, hiç memnun kalmadım. (Joanne Campbell - 13/01/2025);Üzgün
Fiyatına göre harika bir kalite, kesinlikle tavsiye ederim. (Rhonda Hernandez - 07/01/2025);Mutlu
Keşke bu alışverişi yapmasaydım, hiç memnun kalmadım. (Molly Brown - 12/01/2025);Üzgün
Satıcı sorularıma hiç yanıt vermedi, çok sinirliyim. (Victoria Tate - 02/01/2025);Öfkeli
Ürün harika çalışıyor, uzun süre dayanacak gibi görünüyor. (William Martinez - 02/01/2025);Mutlu
Ürün açıklamada belirtilenden tamamen farklı! (Amber Davis - 17/01/2025);Öfkeli
Bu deneyim tam bir kabus, kimseye tavsiye etmem. (Mark Lamb - 06/01/2025);Öfkeli
Böylesine kötü bir hizmet almak beni çileden çıkardı. (Todd Grant - 07/01/2025);Öfkeli
Böylesine kötü bir hizmet almak beni çileden çıkardı. (Nicholas Dean - 11/01/2025);Öfkeli
Bu kadar kötü bir kalite beklemiyordum, hayal kırıklığına uğradım. (Kristin Smith - 05/01/2025);Üzgün
Bu alışveriş tam bir rezaletti, paramı boşa harcadım. (Sarah Smith - 16/01/2025);Öfkeli
Fiyat performans açısından inanılmaz bir ürün! (Jordan Kane - 10/01/2025);Şaşkın
Sipariş yanlış geldi ve kimse yardımcı olmuyor. (Kathryn Hayes - 20/01/2025);Öfkeli
Fiyatına göre harika bir kalite, kesinlikle tavsiye ederim. (Catherine Davis - 17/01/2025);Mutlu
Sipariş yanlış geldi ve kimse yardımcı olmuyor. (Linda Jones - 21/01/2025);Öfkeli
Ürün fiyatına göre o kadar kaliteli ki hayret ettim. (Andrew Thomas - 08/01/2025);Şaşkın
Bu deneyim tam bir kabus, kimseye tavsiye etmem. (James Lewis - 18/01/2025);Öfkeli
Ürün hasarlı geldi ve iade süreci çok uzun sürdü. (Patrick Davis - 20/01/2025);Öfkeli
Kargo tahminimden erken geldi, şaşkınım. (Erica Dalton - 19/01/2025);Şaşkın
Fiyatına göre harika bir kalite, kesinlikle tavsiye ederim. (Shelby Peters - 03/01/2025);Mutlu
Bu kadar kötü bir kalite beklemiyordum, hayal kırıklığına uğradım. (Russell Jones - 12/01/2025);Üzgün
Ürün kırık geldi, bu beni gerçekten üzdü. (Jennifer Davis - 04/01/2025);Üzgün
Satıcıya ulaşamıyorum, sorunumu çözmüyorlar. (Jose Ingram - 18/01/2025);Üzgün
Bu kadar güzel bir paketleme beklemiyordum, çok etkilendim. (Christina Reyes - 18/01/2025);Şaşkın
Böylesine kötü bir hizmet almak beni çileden çıkardı. (Donna Johnson - 01/01/2025);Öfkeli
Ürünün bu kadar kalitesiz olabileceğine inanamadım. (Jessica Green - 17/01/2025);Öfkeli
Kargo çok yavaş geldi ve ürün kalitesizdi. (Mrs. Brenda Cruz - 14/01/2025);Üzgün
Satıcı sorularıma hiç yanıt vermedi, çok sinirliyim. (Ronnie Hayes - 18/01/2025);Öfkeli
Ürün hasarlı geldi ve iade süreci çok uzun sürdü. (Michael Davis - 02/01/2025);Öfkeli
Sipariş yanlış geldi ve kimse yardımcı olmuyor. (Andrew Lopez - 09/01/2025);Öfkeli
Bu kadar kötü bir kalite beklemiyordum, hayal kırıklığına uğradım. (Rachel Fernandez - 03/01/2025);Üzgün
Fiyat performans açısından inanılmaz bir ürün! (Miss Donna Elliott - 16/01/2025);Şaşkın
Bu deneyim tam bir kabus, kimseye tavsiye etmem. (David Booker - 06/01/2025);Öfkeli
Kargosu hızlıydı ve paketleme çok özenliydi. (Nicole Quinn - 01/01/2025);Mutlu
Bu kadar kötü bir kalite beklemiyordum, hayal kırıklığına uğradım. (Michelle Hanson - 05/01/2025);Üzgün
Kargo çok gecikti ve ürün beklentimi karşılamadı. (Dana Vargas - 14/01/2025);Üzgün
Ürün tam zamanında geldi, çok memnunum. (Stephanie Baker - 15/01/2025);Mutlu
Bu kadar kötü bir kalite beklemiyordum, hayal kırıklığına uğradım. (Teresa Dominguez - 14/01/2025);Üzgün
Satıcının ilgisi beni çok mutlu etti. (Stephanie Fisher - 06/01/2025);Mutlu
Ürün hasarlı geldi ve iade süreci çok uzun sürdü. (Dr. David Walker - 17/01/2025);Öfkeli
Satıcı çok ilgiliydi, bu kadarını beklemiyordum. (James Parks - 02/01/2025);Şaşkın
Ürün açıklamalarda yoktu ama harika bir sürpriz oldu. (Stephanie Moore - 18/01/2025);Şaşkın
Satıcıya ulaşamıyorum, sorunumu çözmüyorlar. (Brendan Park - 01/01/2025);Üzgün
Kargosu hızlıydı ve paketleme çok özenliydi. (Yvette Navarro - 21/01/2025);Mutlu
Ürün kırık geldi, bu beni gerçekten üzdü. (Krystal Long - 11/01/2025);Üzgün
Böylesine kötü bir hizmet almak beni çileden çıkardı. (Brett Foster - 21/01/2025);Öfkeli
Kargo şirketiyle sorun yaşadım, ürün çok geç geldi. (Wendy Gilmore - 21/01/2025);Öfkeli
Beklentilerim çok yüksekti, ama karşılanmadı. (Loretta Johnson - 17/01/2025);Üzgün
Bu deneyim tam bir kabus, kimseye tavsiye etmem. (Michelle Barker - 07/01/2025);Öfkeli
Ürün fiyatına göre o kadar kaliteli ki hayret ettim. (Luke Atkinson - 13/01/2025);Şaşkın
Böylesine kötü bir hizmet almak beni çileden çıkardı. (William Walker - 05/01/2025);Öfkeli
Satıcı çok ilgiliydi, bu kadarını beklemiyordum. (Joan Acosta - 04/01/2025);Şaşkın
Satıcıya ulaşamıyorum, sorunumu çözmüyorlar. (Joanna Ashley - 18/01/2025);Üzgün
Üründe eksik parçalar vardı, çok üzüldüm. (Ronald Dudley - 09/01/2025);Üzgün
Ürün fiyatına göre o kadar kaliteli ki hayret ettim. (John Wilson - 04/01/2025);Şaşkın
Fiyat performans açısından inanılmaz bir ürün! (Diane Sutton - 06/01/2025);Şaşkın
Sipariş yanlış geldi ve kimse yardımcı olmuyor. (Cheryl Wiley - 09/01/2025);Öfkeli
Bu kadar kötü bir kalite beklemiyordum, hayal kırıklığına uğradım. (Cynthia Patterson - 19/01/2025);Üzgün
Tahmin ettiğimden çok daha sağlam bir ürün geldi. (Mrs. Sylvia Cobb - 02/01/2025);Şaşkın
Böylesine kaliteli bir hizmet aldığım için mutluyum. (Jessica Lopez - 20/01/2025);Mutlu
Ürün fiyatına göre o kadar kaliteli ki hayret ettim. (Joshua Moreno - 09/01/2025);Şaşkın
Ürün açıklamalarda yoktu ama harika bir sürpriz oldu. (James Bowen - 09/01/2025);Şaşkın
Kargo çok gecikti ve ürün beklentimi karşılamadı. (Derek Garcia - 03/01/2025);Üzgün
Ürün açıklamada belirtilenden tamamen farklı! (Christopher Anderson - 20/01/2025);Öfkeli
Böylesine kötü bir hizmet almak beni çileden çıkardı. (Michael Ferguson - 09/01/2025);Öfkeli
Satıcının ilgisi beni çok mutlu etti. (Makayla Mejia - 03/01/2025);Mutlu
Satıcı çok ilgiliydi, bu kadarını beklemiyordum. (Brian Jenkins - 01/01/2025);Şaşkın
Kargo şirketiyle sorun yaşadım, ürün çok geç geldi. (Jason Bolton - 01/01/2025);Öfkeli
Ürün harika çalışıyor, uzun süre dayanacak gibi görünüyor. (Luis Middleton - 03/01/2025);Mutlu
Kargo çok gecikti ve ürün beklentimi karşılamadı. (Savannah Pugh - 05/01/2025);Üzgün
Kargo tahminimden erken geldi, şaşkınım. (David Gomez - 11/01/2025);Şaşkın
Ürün kırık geldi, bu beni gerçekten üzdü. (Rachel Moran - 13/01/2025);Üzgün
Üründe eksik parçalar vardı, çok üzüldüm. (Joan Bush - 20/01/2025);Üzgün
Sipariş ettiğim ürün yerine başka bir şey göndermişler. (Kristen Green - 19/01/2025);Üzgün
Kargo çok gecikti ve ürün beklentimi karşılamadı. (Mary Rice - 08/01/2025);Üzgün
Ürün fiyatına göre o kadar kaliteli ki hayret ettim. (Elizabeth Bray - 17/01/2025);Şaşkın
Kargo şirketiyle sorun yaşadım, ürün çok geç geldi. (Christopher Maxwell - 17/01/2025);Öfkeli
Böylesine kaliteli bir hizmet aldığım için mutluyum. (Pamela Harper - 09/01/2025);Mutlu
Sipariş ettiğim ürün yerine başka bir şey göndermişler. (Mrs. Rebecca Green - 09/01/2025);Üzgün
Fiyatına göre harika bir kalite, kesinlikle tavsiye ederim. (Jamie Pierce - 16/01/2025);Mutlu
Bu alışveriş tam bir rezaletti, paramı boşa harcadım. (Michelle Brown - 11/01/2025);Öfkeli
Kargo şirketiyle sorun yaşadım, ürün çok geç geldi. (Raymond Peterson III - 20/01/2025);Öfkeli
Kargo şirketiyle sorun yaşadım, ürün çok geç geldi. (Ryan Savage - 12/01/2025);Öfkeli
Beklediğimden çok daha iyi bir ürün çıktı, inanamadım! (Charles Hester - 06/01/2025);Şaşkın
Bu kadar güzel bir paketleme beklemiyordum, çok etkilendim. (Bryan Villanueva - 19/01/2025);Şaşkın
Kargo çok yavaş geldi ve ürün kalitesizdi. (Jason Wheeler - 18/01/2025);Üzgün
İlk kez bir alışverişte bu kadar memnun kaldım. (Bradley Mitchell - 06/01/2025);Mutlu
Tahmin ettiğimden çok daha sağlam bir ürün geldi. (Howard Knight - 15/01/2025);Şaşkın
Sipariş ettiğim ürün yerine başka bir şey göndermişler. (Fernando Smith - 12/01/2025);Üzgün
Kargo şirketiyle sorun yaşadım, ürün çok geç geldi. (Rebecca Gregory - 17/01/2025);Öfkeli
Ürün tam zamanında geldi, çok memnunum. (Clifford Richardson - 19/01/2025);Mutlu
Bu ürün beklentilerimi tamamen karşıladı. (Willie Parsons - 04/01/2025);Mutlu
Kargo çok gecikti ve ürün beklentimi karşılamadı. (James Hardy - 17/01/2025);Üzgün
Kargo şirketiyle sorun yaşadım, ürün çok geç geldi. (Daniel Ramirez - 17/01/2025);Öfkeli
Beklentilerim çok yüksekti, ama karşılanmadı. (John Reynolds - 04/01/2025);Üzgün
Satıcı sorularıma hiç yanıt vermedi, çok sinirliyim. (Timothy Moses - 19/01/2025);Öfkeli
Sipariş ettiğim ürün yerine başka bir şey göndermişler. (Mark Johnson - 04/01/2025);Üzgün
Bu kadar güzel bir paketleme beklemiyordum, çok etkilendim. (Charles Myers - 14/01/2025);Şaşkın
Bu ürün beklentilerimi tamamen karşıladı. (Juan Nguyen - 01/01/2025);Mutlu
Sipariş yanlış geldi ve kimse yardımcı olmuyor. (William Brooks - 01/01/2025);Öfkeli
Üründe eksik parçalar vardı, çok üzüldüm. (Ashley Wilson - 10/01/2025);Üzgün
Ürün kırık geldi, bu beni gerçekten üzdü. (James Adams - 11/01/2025);Üzgün
Keşke bu alışverişi yapmasaydım, hiç memnun kalmadım. (Shirley Thomas - 10/01/2025);Üzgün
Ürünü iade etmek zorunda kaldım, üzücü bir deneyim oldu. (Emily Rodriguez - 16/01/2025);Üzgün
Beklediğimden çok daha iyi bir ürün çıktı, inanamadım! (Bethany Gordon - 03/01/2025);Şaşkın
Bu kadar uygun fiyata böyle bir kalite bulduğuma şaşırdım. (Brandi Sherman - 21/01/2025);Şaşkın
Böylesine kötü bir hizmet almak beni çileden çıkardı. (Amanda Hunter - 08/01/2025);Öfkeli
Beklentilerim çok yüksekti, ama karşılanmadı. (Kimberly Myers - 10/01/2025);Üzgün
Bu deneyim tam bir kabus, kimseye tavsiye etmem. (James Everett - 14/01/2025);Öfkeli
Bu alışveriş tam bir rezaletti, paramı boşa harcadım. (Devon Rogers - 18/01/2025);Öfkeli
Kargosu hızlıydı ve paketleme çok özenliydi. (James Garcia - 03/01/2025);Mutlu
Fiyatına göre harika bir kalite, kesinlikle tavsiye ederim. (Daniel Evans - 20/01/2025);Mutlu
Beklentilerim çok yüksekti, ama karşılanmadı. (Michael Cortez - 03/01/2025);Üzgün
Böylesine kötü bir hizmet almak beni çileden çıkardı. (Andrea Doyle - 06/01/2025);Öfkeli
Böylesine kaliteli bir hizmet aldığım için mutluyum. (Laura King - 02/01/2025);Mutlu
Satıcı çok ilgiliydi, bu kadarını beklemiyordum. (Jared Faulkner - 03/01/2025);Şaşkın
Bu kadar uygun fiyata böyle bir kalite bulduğuma şaşırdım. (Jennifer Wolfe - 18/01/2025);Şaşkın
Ürün fiyatına göre o kadar kaliteli ki hayret ettim. (Laura Miller - 02/01/2025);Şaşkın
Beklentilerim çok yüksekti, ama karşılanmadı. (Sherry Martinez - 20/01/2025);Üzgün
Fiyatına göre harika bir kalite, kesinlikle tavsiye ederim. (Steven Carroll - 03/01/2025);Mutlu
Tahmin ettiğimden çok daha sağlam bir ürün geldi. (Cory Robinson - 10/01/2025);Şaşkın
Ürünü iade etmek zorunda kaldım, üzücü bir deneyim oldu. (Lisa Mitchell - 17/01/2025);Üzgün
Ürünün bu kadar kalitesiz olabileceğine inanamadım. (Jason Rivas - 18/01/2025);Öfkeli
Paketleme çok yaratıcıydı, ilk defa böyle bir şey gördüm. (Samuel Olson - 01/01/2025);Şaşkın
Bu kadar güzel bir paketleme beklemiyordum, çok etkilendim. (Karen Blackburn - 20/01/2025);Şaşkın
Bu kadar güzel bir paketleme beklemiyordum, çok etkilendim. (Larry Bailey - 14/01/2025);Şaşkın
Ürünün bu kadar kalitesiz olabileceğine inanamadım. (Ashley Duarte - 14/01/2025);Öfkeli
Kargo şirketiyle sorun yaşadım, ürün çok geç geldi. (Nicole Smith - 16/01/2025);Öfkeli
Satıcının ilgisi beni çok mutlu etti. (Alexandra Norman - 16/01/2025);Mutlu
Sipariş yanlış geldi ve kimse yardımcı olmuyor. (Shawn Johnson - 03/01/2025);Öfkeli
Ürün fiyatına göre o kadar kaliteli ki hayret ettim. (Carolyn Blair - 17/01/2025);Şaşkın
Kargosu hızlıydı ve paketleme çok özenliydi. (Jessica Anderson - 15/01/2025);Mutlu
Ürün hasarlı geldi ve iade süreci çok uzun sürdü. (Victor Garcia - 21/01/2025);Öfkeli
Bu deneyim tam bir kabus, kimseye tavsiye etmem. (Joseph Miller - 09/01/2025);Öfkeli
Kargo şirketiyle sorun yaşadım, ürün çok geç geldi. (Rebecca Martinez - 18/01/2025);Öfkeli
Bu kadar uygun fiyata böyle bir kalite bulduğuma şaşırdım. (James Jenkins - 05/01/2025);Şaşkın
Bu kadar uygun fiyata böyle bir kalite bulduğuma şaşırdım. (Angela Richardson - 04/01/2025);Şaşkın
Ürün açıklamada belirtilenden tamamen farklı! (Glenn Parsons - 20/01/2025);Öfkeli
Kargo çok yavaş geldi ve ürün kalitesizdi. (Aaron Floyd - 03/01/2025);Üzgün
Üründe eksik parçalar vardı, çok üzüldüm. (Wanda Cisneros - 13/01/2025);Üzgün
Kargosu hızlıydı ve paketleme çok özenliydi. (Mr. Oscar Marsh MD - 07/01/2025);Mutlu
Ürün hasarlı geldi ve iade süreci çok uzun sürdü. (Jackson Choi - 15/01/2025);Öfkeli
Ürün harika çalışıyor, uzun süre dayanacak gibi görünüyor. (Ryan Hanna - 03/01/2025);Mutlu
Bu kadar kötü bir kalite beklemiyordum, hayal kırıklığına uğradım. (Michael Armstrong - 21/01/2025);Üzgün
Ürünün bu kadar kalitesiz olabileceğine inanamadım. (Matthew Pearson - 17/01/2025);Öfkeli
Satıcı çok ilgiliydi, bu kadarını beklemiyordum. (Ellen Knapp - 15/01/2025);Şaşkın
Ürün fiyatına göre o kadar kaliteli ki hayret ettim. (Noah Walker - 20/01/2025);Şaşkın
Sipariş ettiğim ürün yerine başka bir şey göndermişler. (Phillip Newton II - 12/01/2025);Üzgün
Ürün fiyatına göre o kadar kaliteli ki hayret ettim. (Brenda Johnson - 11/01/2025);Şaşkın
Ürün harika çalışıyor, uzun süre dayanacak gibi görünüyor. (Tina Stewart - 21/01/2025);Mutlu
Satıcı çok ilgiliydi, bu kadarını beklemiyordum. (Dawn Lee - 08/01/2025);Şaşkın
Hayatımda bu kadar kaliteli bir ürün görmedim. (Lindsey Pitts - 13/01/2025);Mutlu
Fiyat performans açısından inanılmaz bir ürün! (Mary Smith - 16/01/2025);Şaşkın
Hayatımda bu kadar kaliteli bir ürün görmedim. (Tracy Young - 15/01/2025);Mutlu
Kargo tahminimden erken geldi, şaşkınım. (Alicia Vargas - 16/01/2025);Şaşkın
Bu ürün beklentilerimi tamamen karşıladı. (Matthew Gilbert - 20/01/2025);Mutlu
Beklentilerim çok yüksekti, ama karşılanmadı. (Kimberly Jackson - 07/01/2025);Üzgün
Bu kadar kötü bir kalite beklemiyordum, hayal kırıklığına uğradım. (Brenda Kent DVM - 01/01/2025);Üzgün
Ürün tam zamanında geldi, çok memnunum. (Kyle Sullivan - 16/01/2025);Mutlu
Ürün harika çalışıyor, uzun süre dayanacak gibi görünüyor. (Katie Williams - 09/01/2025);Mutlu
Tahmin ettiğimden çok daha sağlam bir ürün geldi. (Carol Mcdaniel - 05/01/2025);Şaşkın
Paketleme o kadar güzeldi ki, hayran kaldım. (Mackenzie Weeks - 14/01/2025);Mutlu
Ürün hasarlı geldi ve iade süreci çok uzun sürdü. (Bradley Hall - 14/01/2025);Öfkeli
Bu kadar uygun fiyata böyle bir kalite bulduğuma şaşırdım. (Jessica Fitzpatrick - 08/01/2025);Şaşkın
Bu kadar güzel bir paketleme beklemiyordum, çok etkilendim. (Dr. Joseph Allen DVM - 01/01/2025);Şaşkın
Tahmin ettiğimden çok daha sağlam bir ürün geldi. (Todd Harper IV - 20/01/2025);Şaşkın
Üründe eksik parçalar vardı, çok üzüldüm. (Daniel Jones - 12/01/2025);Üzgün
Destek ekibi sorunumla ilgilenmiyor, çok sinirliyim. (Travis Brown - 03/01/2025);Öfkeli
Fiyat performans açısından inanılmaz bir ürün! (Kevin Garcia - 16/01/2025);Şaşkın
Satıcı çok ilgiliydi, bu kadarını beklemiyordum. (Michael Alvarado - 03/01/2025);Şaşkın
Böylesine kaliteli bir hizmet aldığım için mutluyum. (Susan Williams - 12/01/2025);Mutlu
Ürün tam zamanında geldi, çok memnunum. (Madison Davis - 01/01/2025);Mutlu
Fiyat performans açısından inanılmaz bir ürün! (Mark Miller - 09/01/2025);Şaşkın
Fiyat performans açısından inanılmaz bir ürün! (David Smith - 02/01/2025);Şaşkın
Ürün fiyatına göre o kadar kaliteli ki hayret ettim. (Andrew Small - 05/01/2025);Şaşkın
İlk kez bir alışverişte bu kadar memnun kaldım. (Nicole Dean - 18/01/2025);Mutlu
Bu kadar güzel bir paketleme beklemiyordum, çok etkilendim. (Lisa Miller - 03/01/2025);Şaşkın
Kargo çok yavaş geldi ve ürün kalitesizdi. (Cheryl Fernandez - 03/01/2025);Üzgün
Kargo çok gecikti ve ürün beklentimi karşılamadı. (David Floyd - 08/01/2025);Üzgün
Fiyat performans açısından inanılmaz bir ürün! (Sabrina Davies - 11/01/2025);Şaşkın
Keşke bu alışverişi yapmasaydım, hiç memnun kalmadım. (Ashley Hughes - 17/01/2025);Üzgün
Kargosu hızlıydı ve paketleme çok özenliydi. (Heather Baldwin - 13/01/2025);Mutlu
Bu alışveriş tam bir rezaletti, paramı boşa harcadım. (Cindy Small - 14/01/2025);Öfkeli
Ürünün bu kadar kalitesiz olabileceğine inanamadım. (Julie Hayden - 20/01/2025);Öfkeli
Sipariş yanlış geldi ve kimse yardımcı olmuyor. (Chad Jones - 16/01/2025);Öfkeli
Kargo çok gecikti ve ürün beklentimi karşılamadı. (Albert Johnson - 20/01/2025);Üzgün
Bu ürün beklentilerimi tamamen karşıladı. (Stephanie Holden - 08/01/2025);Mutlu
Destek ekibi sorunumla ilgilenmiyor, çok sinirliyim. (Shirley Cook - 13/01/2025);Öfkeli
Satıcı sorularıma hiç yanıt vermedi, çok sinirliyim. (Barbara Powell - 14/01/2025);Öfkeli
Fiyatına göre harika bir kalite, kesinlikle tavsiye ederim. (Carol Lambert - 04/01/2025);Mutlu
Sipariş ettiğim ürün yerine başka bir şey göndermişler. (Michael Wilcox - 02/01/2025);Üzgün
Bu deneyim tam bir kabus, kimseye tavsiye etmem. (Belinda Best - 14/01/2025);Öfkeli
Ürün açıklamalarda yoktu ama harika bir sürpriz oldu. (Melissa Payne - 03/01/2025);Şaşkın
Ürün açıklamada belirtilenden tamamen farklı! (James Guerra - 02/01/2025);Öfkeli
Paketleme çok yaratıcıydı, ilk defa böyle bir şey gördüm. (Lindsey Zuniga - 13/01/2025);Şaşkın
Beklediğimden çok daha iyi bir ürün çıktı, inanamadım! (Alyssa Richardson - 01/01/2025);Şaşkın
Ürünü iade etmek zorunda kaldım, üzücü bir deneyim oldu. (Ronnie Rodriguez - 11/01/2025);Üzgün
Ürün fiyatına göre o kadar kaliteli ki hayret ettim. (Shelby Poole - 02/01/2025);Şaşkın
Sipariş ettiğim ürün yerine başka bir şey göndermişler. (Manuel Chavez - 17/01/2025);Üzgün
Kargo tahminimden erken geldi, şaşkınım. (Michael Duke - 16/01/2025);Şaşkın
Kargosu hızlıydı ve paketleme çok özenliydi. (Kyle Navarro - 07/01/2025);Mutlu
Beklentilerim çok yüksekti, ama karşılanmadı. (Jason Murphy - 09/01/2025);Üzgün
Bu kadar güzel bir paketleme beklemiyordum, çok etkilendim. (Timothy Cooper - 17/01/2025);Şaşkın
Paketleme çok yaratıcıydı, ilk defa böyle bir şey gördüm. (Jimmy Miller - 16/01/2025);Şaşkın
Ürün hasarlı geldi ve iade süreci çok uzun sürdü. (Raymond Stewart - 08/01/2025);Öfkeli
Kargo çok gecikti ve ürün beklentimi karşılamadı. (Shelley Walker - 01/01/2025);Üzgün
Ürün açıklamada belirtilenden tamamen farklı! (Wayne Graham - 21/01/2025);Öfkeli
Satıcının ilgisi beni çok mutlu etti. (John Jones - 21/01/2025);Mutlu
Bu alışveriş tam bir rezaletti, paramı boşa harcadım. (Robert Brooks - 18/01/2025);Öfkeli
Beklediğimden çok daha iyi bir ürün çıktı, inanamadım! (Kara Ruiz - 09/01/2025);Şaşkın
Ürün açıklamalarda yoktu ama harika bir sürpriz oldu. (Kyle Aguilar - 15/01/2025);Şaşkın
Kargo çok yavaş geldi ve ürün kalitesizdi. (Jeremiah Rios - 06/01/2025);Üzgün
Böylesine kötü bir hizmet almak beni çileden çıkardı. (Chad Hunter - 11/01/2025);Öfkeli
Destek ekibi sorunumla ilgilenmiyor, çok sinirliyim. (Dana Smith - 12/01/2025);Öfkeli
Bu kadar uygun fiyata böyle bir kalite bulduğuma şaşırdım. (Heather Mason - 18/01/2025);Şaşkın
Ürün tam zamanında geldi, çok memnunum. (George Rocha - 05/01/2025);Mutlu
Ürünün bu kadar kalitesiz olabileceğine inanamadım. (Steven Gonzalez - 10/01/2025);Öfkeli
Böylesine kötü bir hizmet almak beni çileden çıkardı. (Julie Gregory - 18/01/2025);Öfkeli
Tahmin ettiğimden çok daha sağlam bir ürün geldi. (Elizabeth Pham - 16/01/2025);Şaşkın
Bu deneyim tam bir kabus, kimseye tavsiye etmem. (Chelsea Francis - 15/01/2025);Öfkeli
Paketleme o kadar güzeldi ki, hayran kaldım. (Kristy Price - 20/01/2025);Mutlu
Keşke bu alışverişi yapmasaydım, hiç memnun kalmadım. (Fred Tate - 03/01/2025);Üzgün
Tahmin ettiğimden çok daha sağlam bir ürün geldi. (Gregory Jordan - 21/01/2025);Şaşkın
Beklentilerim çok yüksekti, ama karşılanmadı. (Richard Vincent - 05/01/2025);Üzgün
Destek ekibi sorunumla ilgilenmiyor, çok sinirliyim. (Tyler Levy - 20/01/2025);Öfkeli
Satıcı çok ilgiliydi, bu kadarını beklemiyordum. (Patricia Webster - 05/01/2025);Şaşkın
Ürün harika çalışıyor, uzun süre dayanacak gibi görünüyor. (Wendy Alexander - 20/01/2025);Mutlu
Destek ekibi sorunumla ilgilenmiyor, çok sinirliyim. (John Hamilton - 01/01/2025);Öfkeli
Beklediğimden çok daha iyi bir ürün çıktı, inanamadım! (Kelli Chambers - 12/01/2025);Şaşkın
Fiyat performans açısından inanılmaz bir ürün! (Susan Hendrix - 18/01/2025);Şaşkın
Ürün kırık geldi, bu beni gerçekten üzdü. (Anthony Rogers - 19/01/2025);Üzgün
Beklentilerim çok yüksekti, ama karşılanmadı. (William Robertson - 01/01/2025);Üzgün
Keşke bu alışverişi yapmasaydım, hiç memnun kalmadım. (Amanda Smith - 08/01/2025);Üzgün
Bu kadar güzel bir paketleme beklemiyordum, çok etkilendim. (Crystal Miller - 16/01/2025);Şaşkın
Fiyat performans açısından inanılmaz bir ürün! (Emily Brewer - 15/01/2025);Şaşkın
Bu kadar uygun fiyata böyle bir kalite bulduğuma şaşırdım. (Michael Gross - 07/01/2025);Şaşkın
Ürün harika çalışıyor, uzun süre dayanacak gibi görünüyor. (Marcus Ayala - 15/01/2025);Mutlu
Bu alışveriş tam bir rezaletti, paramı boşa harcadım. (Alan White - 20/01/2025);Öfkeli
Destek ekibi sorunumla ilgilenmiyor, çok sinirliyim. (Mr. Robert Swanson - 16/01/2025);Öfkeli
Ürünün bu kadar kalitesiz olabileceğine inanamadım. (Jessica Carter - 04/01/2025);Öfkeli
Paketleme o kadar güzeldi ki, hayran kaldım. (Heather Mcdaniel - 09/01/2025);Mutlu
Bu deneyim tam bir kabus, kimseye tavsiye etmem. (John Hernandez - 10/01/2025);Öfkeli
Keşke bu alışverişi yapmasaydım, hiç memnun kalmadım. (Kimberly Murphy - 09/01/2025);Üzgün
Satıcı çok ilgiliydi, bu kadarını beklemiyordum. (Kevin Reyes - 20/01/2025);Şaşkın
Üründe eksik parçalar vardı, çok üzüldüm. (Leslie Roberts - 08/01/2025);Üzgün
Bu alışveriş tam bir rezaletti, paramı boşa harcadım. (Jennifer Daugherty - 02/01/2025);Öfkeli
Paketleme o kadar güzeldi ki, hayran kaldım. (Brian Moore - 18/01/2025);Mutlu
Keşke bu alışverişi yapmasaydım, hiç memnun kalmadım. (Vincent Deleon - 19/01/2025);Üzgün
Beklentilerim çok yüksekti, ama karşılanmadı. (Alicia Griffin - 16/01/2025);Üzgün
Hayatımda bu kadar kaliteli bir ürün görmedim. (Caitlyn Nelson - 21/01/2025);Mutlu
Ürün tam zamanında geldi, çok memnunum. (Alexander Schneider - 12/01/2025);Mutlu
Hayatımda bu kadar kaliteli bir ürün görmedim. (Ralph Stephens - 03/01/2025);Mutlu
Sipariş yanlış geldi ve kimse yardımcı olmuyor. (Albert Wilkerson - 05/01/2025);Öfkeli
Hayatımda bu kadar kaliteli bir ürün görmedim. (Eric Green - 13/01/2025);Mutlu
Destek ekibi sorunumla ilgilenmiyor, çok sinirliyim. (Ashley Williams - 18/01/2025);Öfkeli
Üründe eksik parçalar vardı, çok üzüldüm. (Kim Gomez - 04/01/2025);Üzgün
İlk kez bir alışverişte bu kadar memnun kaldım. (Suzanne Smith - 17/01/2025);Mutlu
İlk kez bir alışverişte bu kadar memnun kaldım. (Larry Jackson - 20/01/2025);Mutlu
Destek ekibi sorunumla ilgilenmiyor, çok sinirliyim. (Shelby Moore - 07/01/2025);Öfkeli
Beklentilerim çok yüksekti, ama karşılanmadı. (Rebecca Hunter - 12/01/2025);Üzgün
Beklentilerim çok yüksekti, ama karşılanmadı. (Shelby Molina - 21/01/2025);Üzgün
Bu ürün beklentilerimi tamamen karşıladı. (Tracie Johnson - 20/01/2025);Mutlu
Sipariş yanlış geldi ve kimse yardımcı olmuyor. (Marvin Elliott - 06/01/2025);Öfkeli
Tahmin ettiğimden çok daha sağlam bir ürün geldi. (Rachel Williams - 10/01/2025);Şaşkın
Hayatımda bu kadar kaliteli bir ürün görmedim. (Angela Frazier - 09/01/2025);Mutlu
Destek ekibi sorunumla ilgilenmiyor, çok sinirliyim. (Jaclyn Jackson - 08/01/2025);Öfkeli
Beklediğimden çok daha iyi bir ürün çıktı, inanamadım! (Brian Woodward - 01/01/2025);Şaşkın
Beklediğimden çok daha iyi bir ürün çıktı, inanamadım! (Jeremy Fitzgerald - 15/01/2025);Şaşkın
Ürün tam zamanında geldi, çok memnunum. (Jeffrey Brown - 06/01/2025);Mutlu
Fiyat performans açısından inanılmaz bir ürün! (Mark Smith - 20/01/2025);Şaşkın
Ürün kırık geldi, bu beni gerçekten üzdü. (Michael Rhodes - 17/01/2025);Üzgün
Paketleme o kadar güzeldi ki, hayran kaldım. (Mr. Christopher Simpson - 21/01/2025);Mutlu
Bu deneyim tam bir kabus, kimseye tavsiye etmem. (Matthew Baxter - 09/01/2025);Öfkeli
Bu ürün beklentilerimi tamamen karşıladı. (Kevin Aguilar - 07/01/2025);Mutlu
Kargo tahminimden erken geldi, şaşkınım. (Teresa Mathews - 08/01/2025);Şaşkın
Kargo çok gecikti ve ürün beklentimi karşılamadı. (Gerald White - 16/01/2025);Üzgün
Beklentilerim çok yüksekti, ama karşılanmadı. (Shawn Foley - 06/01/2025);Üzgün
Kargo çok yavaş geldi ve ürün kalitesizdi. (Cheryl Thompson - 12/01/2025);Üzgün
Fiyat performans açısından inanılmaz bir ürün! (Michael Coleman - 01/01/2025);Şaşkın
Ürün tam zamanında geldi, çok memnunum. (Tracy Rodriguez - 07/01/2025);Mutlu
Ürün harika çalışıyor, uzun süre dayanacak gibi görünüyor. (Jaime Jackson - 17/01/2025);Mutlu
Paketleme çok yaratıcıydı, ilk defa böyle bir şey gördüm. (Joshua Bell - 05/01/2025);Şaşkın
Kargo çok gecikti ve ürün beklentimi karşılamadı. (David Rose - 06/01/2025);Üzgün
Ürün fiyatına göre o kadar kaliteli ki hayret ettim. (Lauren Rivera - 02/01/2025);Şaşkın
Beklentilerim çok yüksekti, ama karşılanmadı. (Emily Hernandez - 15/01/2025);Üzgün
Paketleme o kadar güzeldi ki, hayran kaldım. (Melissa May - 17/01/2025);Mutlu
Satıcı çok ilgiliydi, bu kadarını beklemiyordum. (Dwayne Mckenzie - 21/01/2025);Şaşkın
Beklentilerim çok yüksekti, ama karşılanmadı. (Jennifer May - 12/01/2025);Üzgün
Bu alışveriş tam bir rezaletti, paramı boşa harcadım. (Joshua Smith - 12/01/2025);Öfkeli
Kargo çok gecikti ve ürün beklentimi karşılamadı. (Brittany Sawyer - 01/01/2025);Üzgün
Bu kadar güzel bir paketleme beklemiyordum, çok etkilendim. (Andrew Villa - 14/01/2025);Şaşkın
Sipariş yanlış geldi ve kimse yardımcı olmuyor. (Deborah Long - 11/01/2025);Öfkeli
Kargo çok gecikti ve ürün beklentimi karşılamadı. (April Jones - 07/01/2025);Üzgün
Ürün kırık geldi, bu beni gerçekten üzdü. (Diane Arnold - 02/01/2025);Üzgün
Destek ekibi sorunumla ilgilenmiyor, çok sinirliyim. (Benjamin Phelps - 08/01/2025);Öfkeli
Destek ekibi sorunumla ilgilenmiyor, çok sinirliyim. (Patricia Wright - 11/01/2025);Öfkeli
Kargo çok gecikti ve ürün beklentimi karşılamadı. (Kelsey Harrington - 17/01/2025);Üzgün
Ürün hasarlı geldi ve iade süreci çok uzun sürdü. (Joseph Hall - 08/01/2025);Öfkeli
Bu deneyim tam bir kabus, kimseye tavsiye etmem. (Justin Avila - 05/01/2025);Öfkeli
Ürünü iade etmek zorunda kaldım, üzücü bir deneyim oldu. (Jason Banks DVM - 07/01/2025);Üzgün
Ürün kırık geldi, bu beni gerçekten üzdü. (Laura Collins - 08/01/2025);Üzgün
Bu ürün beklentilerimi tamamen karşıladı. (Robert Brooks - 16/01/2025);Mutlu
Ürün harika çalışıyor, uzun süre dayanacak gibi görünüyor. (Elizabeth Sullivan - 21/01/2025);Mutlu
Ürün harika çalışıyor, uzun süre dayanacak gibi görünüyor. (Brenda Vaughan - 16/01/2025);Mutlu
Satıcının ilgisi beni çok mutlu etti. (Amber Brown - 01/01/2025);Mutlu
Kargo çok yavaş geldi ve ürün kalitesizdi. (Micheal Rice - 18/01/2025);Üzgün
Kargo tahminimden erken geldi, şaşkınım. (Amanda Pratt - 12/01/2025);Şaşkın
Ürünün bu kadar kalitesiz olabileceğine inanamadım. (Philip Yang - 13/01/2025);Öfkeli
Bu alışveriş tam bir rezaletti, paramı boşa harcadım. (Jennifer Diaz - 19/01/2025);Öfkeli
Üründe eksik parçalar vardı, çok üzüldüm. (Phillip Owens - 03/01/2025);Üzgün
Ürün harika çalışıyor, uzun süre dayanacak gibi görünüyor. (Stacy Carson - 05/01/2025);Mutlu
Bu deneyim tam bir kabus, kimseye tavsiye etmem. (Debra Soto - 08/01/2025);Öfkeli
Ürün hasarlı geldi ve iade süreci çok uzun sürdü. (Kimberly Scott - 16/01/2025);Öfkeli
Böylesine kaliteli bir hizmet aldığım için mutluyum. (Troy Carlson - 19/01/2025);Mutlu
Ürünü iade etmek zorunda kaldım, üzücü bir deneyim oldu. (Stephanie Gillespie DDS - 12/01/2025);Üzgün
Ürün harika çalışıyor, uzun süre dayanacak gibi görünüyor. (Sergio Henderson - 06/01/2025);Mutlu
Fiyat performans açısından inanılmaz bir ürün! (Amy Jones - 13/01/2025);Şaşkın
Tahmin ettiğimden çok daha sağlam bir ürün geldi. (Laurie Thomas - 16/01/2025);Şaşkın
Bu kadar uygun fiyata böyle bir kalite bulduğuma şaşırdım. (Victoria Richard - 04/01/2025);Şaşkın
Paketleme o kadar güzeldi ki, hayran kaldım. (Stephanie Taylor - 15/01/2025);Mutlu
Paketleme o kadar güzeldi ki, hayran kaldım. (Nicole King - 10/01/2025);Mutlu
Paketleme o kadar güzeldi ki, hayran kaldım. (Susan Ferguson - 10/01/2025);Mutlu
Ürünün bu kadar kalitesiz olabileceğine inanamadım. (Bryan Ramirez - 08/01/2025);Öfkeli
Üründe eksik parçalar vardı, çok üzüldüm. (Amy Scott DVM - 02/01/2025);Üzgün
Bu kadar güzel bir paketleme beklemiyordum, çok etkilendim. (Nancy Rodriguez - 11/01/2025);Şaşkın
Ürünün bu kadar kalitesiz olabileceğine inanamadım. (Mr. Daniel Maldonado - 07/01/2025);Öfkeli
Ürünün bu kadar kalitesiz olabileceğine inanamadım. (Joshua Stewart - 18/01/2025);Öfkeli
Kargosu hızlıydı ve paketleme çok özenliydi. (Crystal Holt - 13/01/2025);Mutlu
Tahmin ettiğimden çok daha sağlam bir ürün geldi. (Brendan Taylor - 16/01/2025);Şaşkın
Ürün hasarlı geldi ve iade süreci çok uzun sürdü. (Tracy Hopkins - 03/01/2025);Öfkeli
Bu kadar güzel bir paketleme beklemiyordum, çok etkilendim. (Kenneth Gray - 09/01/2025);Şaşkın
Sipariş ettiğim ürün yerine başka bir şey göndermişler. (Robert Johnson - 03/01/2025);Üzgün
Paketleme o kadar güzeldi ki, hayran kaldım. (Rebecca Smith - 01/01/2025);Mutlu
Kargo çok gecikti ve ürün beklentimi karşılamadı. (Philip Mercado - 10/01/2025);Üzgün
Destek ekibi sorunumla ilgilenmiyor, çok sinirliyim. (Elizabeth Hensley - 05/01/2025);Öfkeli
Kargo çok yavaş geldi ve ürün kalitesizdi. (Eric Bennett - 16/01/2025);Üzgün
Hayatımda bu kadar kaliteli bir ürün görmedim. (Kelly Thornton - 10/01/2025);Mutlu
Ürünü iade etmek zorunda kaldım, üzücü bir deneyim oldu. (Thomas Garcia - 18/01/2025);Üzgün
Paketleme o kadar güzeldi ki, hayran kaldım. (Traci Wagner - 17/01/2025);Mutlu
Bu kadar kötü bir kalite beklemiyordum, hayal kırıklığına uğradım. (Joy Thomas - 03/01/2025);Üzgün
Bu kadar güzel bir paketleme beklemiyordum, çok etkilendim. (Christopher Oliver - 17/01/2025);Şaşkın
Sipariş ettiğim ürün yerine başka bir şey göndermişler. (Alfred Stone - 04/01/2025);Üzgün
Ürün fiyatına göre o kadar kaliteli ki hayret ettim. (Carol Harris - 05/01/2025);Şaşkın
Beklediğimden çok daha iyi bir ürün çıktı, inanamadım! (Michael Malone - 15/01/2025);Şaşkın
Bu deneyim tam bir kabus, kimseye tavsiye etmem. (Micheal Campbell - 15/01/2025);Öfkeli
İlk kez bir alışverişte bu kadar memnun kaldım. (William Palmer - 11/01/2025);Mutlu
Ürün fiyatına göre o kadar kaliteli ki hayret ettim. (Michael Cox - 03/01/2025);Şaşkın
İlk kez bir alışverişte bu kadar memnun kaldım. (Lindsay Simmons - 03/01/2025);Mutlu
Bu kadar kötü bir kalite beklemiyordum, hayal kırıklığına uğradım. (Jose Reid - 05/01/2025);Üzgün
Fiyatına göre harika bir kalite, kesinlikle tavsiye ederim. (Sara Gilmore - 11/01/2025);Mutlu
Satıcı çok ilgiliydi, bu kadarını beklemiyordum. (Kelly Holder - 20/01/2025);Şaşkın
Bu kadar kötü bir kalite beklemiyordum, hayal kırıklığına uğradım. (Michelle Wood - 21/01/2025);Üzgün
Ürün fiyatına göre o kadar kaliteli ki hayret ettim. (Andrea Greer - 04/01/2025);Şaşkın
Üründe eksik parçalar vardı, çok üzüldüm. (Michelle May - 03/01/2025);Üzgün
Hayatımda bu kadar kaliteli bir ürün görmedim. (Mark Avila - 15/01/2025);Mutlu
Ürün açıklamada belirtilenden tamamen farklı! (Dean Stafford - 11/01/2025);Öfkeli
Sipariş ettiğim ürün yerine başka bir şey göndermişler. (David Rogers - 05/01/2025);Üzgün
Satıcının ilgisi beni çok mutlu etti. (Alyssa Stephens - 15/01/2025);Mutlu
Sipariş yanlış geldi ve kimse yardımcı olmuyor. (Austin Gutierrez - 03/01/2025);Öfkeli
Tahmin ettiğimden çok daha sağlam bir ürün geldi. (Jesse Collins - 07/01/2025);Şaşkın
Böylesine kötü bir hizmet almak beni çileden çıkardı. (Michael Hale - 11/01/2025);Öfkeli
Bu deneyim tam bir kabus, kimseye tavsiye etmem. (Jaime Johnson - 19/01/2025);Öfkeli
Fiyatına göre harika bir kalite, kesinlikle tavsiye ederim. (Allen Hull - 07/01/2025);Mutlu
Paketleme çok yaratıcıydı, ilk defa böyle bir şey gördüm. (Felicia Franco DDS - 15/01/2025);Şaşkın
Fiyat performans açısından inanılmaz bir ürün! (Christopher King - 17/01/2025);Şaşkın
Keşke bu alışverişi yapmasaydım, hiç memnun kalmadım. (Adam Zuniga - 18/01/2025);Üzgün
Fiyat performans açısından inanılmaz bir ürün! (Larry Armstrong - 16/01/2025);Şaşkın
Ürün hasarlı geldi ve iade süreci çok uzun sürdü. (Joseph Elliott - 02/01/2025);Öfkeli
Bu kadar kötü bir kalite beklemiyordum, hayal kırıklığına uğradım. (Sandra Hernandez - 12/01/2025);Üzgün
Kargosu hızlıydı ve paketleme çok özenliydi. (Janet Davis - 03/01/2025);Mutlu
Ürün açıklamalarda yoktu ama harika bir sürpriz oldu. (Colin Wright - 14/01/2025);Şaşkın
Kargosu hızlıydı ve paketleme çok özenliydi. (Colleen Silva - 18/01/2025);Mutlu
Bu kadar kötü bir kalite beklemiyordum, hayal kırıklığına uğradım. (Kathy Jackson - 04/01/2025);Üzgün
Ürün açıklamalarda yoktu ama harika bir sürpriz oldu. (Mitchell Wright - 20/01/2025);Şaşkın
Bu kadar kötü bir kalite beklemiyordum, hayal kırıklığına uğradım. (Alisha Stewart - 21/01/2025);Üzgün
Paketleme o kadar güzeldi ki, hayran kaldım. (Matthew Lopez - 10/01/2025);Mutlu
Beklentilerim çok yüksekti, ama karşılanmadı. (Elizabeth Elliott - 03/01/2025);Üzgün
Tahmin ettiğimden çok daha sağlam bir ürün geldi. (Anthony Gould - 05/01/2025);Şaşkın
Ürün hasarlı geldi ve iade süreci çok uzun sürdü. (Marissa Howard - 19/01/2025);Öfkeli
Ürün fiyatına göre o kadar kaliteli ki hayret ettim. (Ricky Garcia - 05/01/2025);Şaşkın
Satıcıya ulaşamıyorum, sorunumu çözmüyorlar. (Yvette Randall - 18/01/2025);Üzgün
Bu kadar uygun fiyata böyle bir kalite bulduğuma şaşırdım. (Susan Rivers - 02/01/2025);Şaşkın
Bu kadar kötü bir kalite beklemiyordum, hayal kırıklığına uğradım. (Jeffrey Gamble - 16/01/2025);Üzgün
Kargosu hızlıydı ve paketleme çok özenliydi. (Jennifer Reid - 07/01/2025);Mutlu
Hayatımda bu kadar kaliteli bir ürün görmedim. (Claudia Dalton - 05/01/2025);Mutlu
Ürün açıklamada belirtilenden tamamen farklı! (James Wilson - 16/01/2025);Öfkeli
Kargo çok yavaş geldi ve ürün kalitesizdi. (Holly Evans - 06/01/2025);Üzgün
Kargo şirketiyle sorun yaşadım, ürün çok geç geldi. (Daniel Watkins - 15/01/2025);Öfkeli
Kargo çok yavaş geldi ve ürün kalitesizdi. (Jason Tyler - 05/01/2025);Üzgün
Satıcının ilgisi beni çok mutlu etti. (Chad Alvarez - 17/01/2025);Mutlu
Keşke bu alışverişi yapmasaydım, hiç memnun kalmadım. (Kristen Kennedy - 14/01/2025);Üzgün
Keşke bu alışverişi yapmasaydım, hiç memnun kalmadım. (Crystal Golden - 17/01/2025);Üzgün
Bu ürün beklentilerimi tamamen karşıladı. (John Lloyd - 09/01/2025);Mutlu
Üründe eksik parçalar vardı, çok üzüldüm. (Eric Montgomery - 01/01/2025);Üzgün
Beklediğimden çok daha iyi bir ürün çıktı, inanamadım! (Collin Fitzgerald - 11/01/2025);Şaşkın
Ürün açıklamalarda yoktu ama harika bir sürpriz oldu. (Taylor Ramos - 09/01/2025);Şaşkın
Destek ekibi sorunumla ilgilenmiyor, çok sinirliyim. (Kathryn Lindsey - 05/01/2025);Öfkeli
Beklentilerim çok yüksekti, ama karşılanmadı. (Colleen Williams - 18/01/2025);Üzgün
Tahmin ettiğimden çok daha sağlam bir ürün geldi. (Zachary Knight - 17/01/2025);Şaşkın
Bu kadar güzel bir paketleme beklemiyordum, çok etkilendim. (Vanessa Bright - 21/01/2025);Şaşkın
Satıcının ilgisi beni çok mutlu etti. (Jane Powell - 13/01/2025);Mutlu
Satıcının ilgisi beni çok mutlu etti. (Angela Watson - 15/01/2025);Mutlu
Satıcıya ulaşamıyorum, sorunumu çözmüyorlar. (Brenda Williams - 18/01/2025);Üzgün
Beklediğimden çok daha iyi bir ürün çıktı, inanamadım! (Joseph York - 16/01/2025);Şaşkın
Ürün fiyatına göre o kadar kaliteli ki hayret ettim. (Shannon Bridges - 14/01/2025);Şaşkın
Üründe eksik parçalar vardı, çok üzüldüm. (Kristen Harrison - 01/01/2025);Üzgün
Kargosu hızlıydı ve paketleme çok özenliydi. (Angela Johnson - 04/01/2025);Mutlu
Sipariş yanlış geldi ve kimse yardımcı olmuyor. (Taylor Ramos - 08/01/2025);Öfkeli
Böylesine kötü bir hizmet almak beni çileden çıkardı. (Kristine Bell - 08/01/2025);Öfkeli
Kargo çok yavaş geldi ve ürün kalitesizdi. (Meredith Castro - 01/01/2025);Üzgün
Kargosu hızlıydı ve paketleme çok özenliydi. (Destiny Dawson - 04/01/2025);Mutlu
Bu ürün beklentilerimi tamamen karşıladı. (Sarah Thompson - 19/01/2025);Mutlu
Sipariş ettiğim ürün yerine başka bir şey göndermişler. (Peter Lozano - 11/01/2025);Üzgün
Paketleme çok yaratıcıydı, ilk defa böyle bir şey gördüm. (Eric Williams DDS - 02/01/2025);Şaşkın
Bu kadar uygun fiyata böyle bir kalite bulduğuma şaşırdım. (Mrs. Anne Medina - 18/01/2025);Şaşkın
Sipariş ettiğim ürün yerine başka bir şey göndermişler. (Sara Mccann - 17/01/2025);Üzgün
Paketleme o kadar güzeldi ki, hayran kaldım. (Ryan Hunt - 07/01/2025);Mutlu
Bu kadar kötü bir kalite beklemiyordum, hayal kırıklığına uğradım. (Michael Miller - 04/01/2025);Üzgün
Satıcıya ulaşamıyorum, sorunumu çözmüyorlar. (Cheryl Young - 14/01/2025);Üzgün
Sipariş ettiğim ürün yerine başka bir şey göndermişler. (Ryan Atkins - 13/01/2025);Üzgün
Destek ekibi sorunumla ilgilenmiyor, çok sinirliyim. (Patrick Thompson - 12/01/2025);Öfkeli
Satıcı sorularıma hiç yanıt vermedi, çok sinirliyim. (Zachary Tucker - 20/01/2025);Öfkeli
Üründe eksik parçalar vardı, çok üzüldüm. (Elizabeth Hanna - 03/01/2025);Üzgün
Ürün açıklamalarda yoktu ama harika bir sürpriz oldu. (Michelle Dudley - 02/01/2025);Şaşkın
Beklentilerim çok yüksekti, ama karşılanmadı. (Courtney Deleon - 15/01/2025);Üzgün
Destek ekibi sorunumla ilgilenmiyor, çok sinirliyim. (Jordan Velasquez - 03/01/2025);Öfkeli
Ürün kırık geldi, bu beni gerçekten üzdü. (Brett Erickson - 10/01/2025);Üzgün
Kargo çok yavaş geldi ve ürün kalitesizdi. (Justin Brooks - 04/01/2025);Üzgün
Hayatımda bu kadar kaliteli bir ürün görmedim. (Bradley Parker - 17/01/2025);Mutlu
Ürün fiyatına göre o kadar kaliteli ki hayret ettim. (Benjamin Morrison - 06/01/2025);Şaşkın
Keşke bu alışverişi yapmasaydım, hiç memnun kalmadım. (Stephanie Schneider - 18/01/2025);Üzgün
Ürün tam zamanında geldi, çok memnunum. (Samantha Miller - 15/01/2025);Mutlu
Bu deneyim tam bir kabus, kimseye tavsiye etmem. (Andrew Smith - 07/01/2025);Öfkeli
Beklediğimden çok daha iyi bir ürün çıktı, inanamadım! (Jessica Freeman - 03/01/2025);Şaşkın
Kargo çok gecikti ve ürün beklentimi karşılamadı. (David Johnson - 09/01/2025);Üzgün
Ürün tam zamanında geldi, çok memnunum. (Christopher Flores - 13/01/2025);Mutlu
Ürünü iade etmek zorunda kaldım, üzücü bir deneyim oldu. (Mark Mckinney - 19/01/2025);Üzgün
Hayatımda bu kadar kaliteli bir ürün görmedim. (William Hernandez - 15/01/2025);Mutlu
Ürünün bu kadar kalitesiz olabileceğine inanamadım. (Terri Daniels - 05/01/2025);Öfkeli
Ürün açıklamada belirtilenden tamamen farklı! (Cody Johnson - 21/01/2025);Öfkeli
Ürün tam zamanında geldi, çok memnunum. (Kristen Andrews - 17/01/2025);Mutlu
Paketleme çok yaratıcıydı, ilk defa böyle bir şey gördüm. (Vanessa Rodriguez - 20/01/2025);Şaşkın
Destek ekibi sorunumla ilgilenmiyor, çok sinirliyim. (Elizabeth Campbell - 20/01/2025);Öfkeli
Satıcı sorularıma hiç yanıt vermedi, çok sinirliyim. (Hailey Harper - 07/01/2025);Öfkeli
Bu kadar uygun fiyata böyle bir kalite bulduğuma şaşırdım. (Robert Brooks - 02/01/2025);Şaşkın
Sipariş yanlış geldi ve kimse yardımcı olmuyor. (Christina Valencia - 01/01/2025);Öfkeli
Kargo şirketiyle sorun yaşadım, ürün çok geç geldi. (Amy Leblanc - 10/01/2025);Öfkeli
Sipariş ettiğim ürün yerine başka bir şey göndermişler. (Tiffany Vang - 09/01/2025);Üzgün
Satıcı sorularıma hiç yanıt vermedi, çok sinirliyim. (Mrs. Mary Hardy - 15/01/2025);Öfkeli
Bu kadar güzel bir paketleme beklemiyordum, çok etkilendim. (Nicholas Townsend - 10/01/2025);Şaşkın
Ürün tam zamanında geldi, çok memnunum. (Anthony Ramirez - 10/01/2025);Mutlu
Bu ürün beklentilerimi tamamen karşıladı. (David Fisher - 10/01/2025);Mutlu
Bu kadar uygun fiyata böyle bir kalite bulduğuma şaşırdım. (Anthony Fuller - 08/01/2025);Şaşkın
Ürün açıklamada belirtilenden tamamen farklı! (Calvin Fisher - 12/01/2025);Öfkeli
Bu ürün beklentilerimi tamamen karşıladı. (Ethan Christensen - 14/01/2025);Mutlu
Üründe eksik parçalar vardı, çok üzüldüm. (Brenda Pearson - 06/01/2025);Üzgün
Bu kadar kötü bir kalite beklemiyordum, hayal kırıklığına uğradım. (James Lane - 01/01/2025);Üzgün
Satıcıya ulaşamıyorum, sorunumu çözmüyorlar. (Rebecca Flores - 06/01/2025);Üzgün
Ürün fiyatına göre o kadar kaliteli ki hayret ettim. (Richard Gonzalez - 18/01/2025);Şaşkın
Ürün hasarlı geldi ve iade süreci çok uzun sürdü. (Mr. Matthew Bennett MD - 15/01/2025);Öfkeli
Satıcı sorularıma hiç yanıt vermedi, çok sinirliyim. (Joseph Rosario - 20/01/2025);Öfkeli
Böylesine kötü bir hizmet almak beni çileden çıkardı. (Marcus Jackson - 05/01/2025);Öfkeli
Ürün tam zamanında geldi, çok memnunum. (David Strickland - 05/01/2025);Mutlu
Bu deneyim tam bir kabus, kimseye tavsiye etmem. (Brendan Fritz - 09/01/2025);Öfkeli
Ürünün bu kadar kalitesiz olabileceğine inanamadım. (Bruce Walsh - 19/01/2025);Öfkeli
Keşke bu alışverişi yapmasaydım, hiç memnun kalmadım. (Zachary Thompson - 11/01/2025);Üzgün
Ürün hasarlı geldi ve iade süreci çok uzun sürdü. (James Davis - 17/01/2025);Öfkeli
Hayatımda bu kadar kaliteli bir ürün görmedim. (Regina Clark - 12/01/2025);Mutlu
İlk kez bir alışverişte bu kadar memnun kaldım. (Spencer Miranda - 02/01/2025);Mutlu
Bu kadar kötü bir kalite beklemiyordum, hayal kırıklığına uğradım. (Robert James - 09/01/2025);Üzgün
Kargosu hızlıydı ve paketleme çok özenliydi. (Ruth Mcbride - 03/01/2025);Mutlu
Ürün açıklamalarda yoktu ama harika bir sürpriz oldu. (Susan Brown - 13/01/2025);Şaşkın
Ürünün bu kadar kalitesiz olabileceğine inanamadım. (Tonya Williams - 15/01/2025);Öfkeli
Hayatımda bu kadar kaliteli bir ürün görmedim. (Lauren Bell - 16/01/2025);Mutlu
Kargo tahminimden erken geldi, şaşkınım. (Steven Clark - 13/01/2025);Şaşkın
Bu alışveriş tam bir rezaletti, paramı boşa harcadım. (Kristin Phelps - 16/01/2025);Öfkeli
Satıcı sorularıma hiç yanıt vermedi, çok sinirliyim. (Jamie Roberts - 19/01/2025);Öfkeli
Kargo çok gecikti ve ürün beklentimi karşılamadı. (David Thomas - 03/01/2025);Üzgün
Kargo çok gecikti ve ürün beklentimi karşılamadı. (Jeffrey Thornton - 04/01/2025);Üzgün
Satıcıya ulaşamıyorum, sorunumu çözmüyorlar. (Karen Duran - 09/01/2025);Üzgün
Paketleme o kadar güzeldi ki, hayran kaldım. (Ryan Martinez - 19/01/2025);Mutlu
Kargo çok yavaş geldi ve ürün kalitesizdi. (Jamie Moore - 07/01/2025);Üzgün
Ürün tam zamanında geldi, çok memnunum. (Lisa Ward - 07/01/2025);Mutlu
Beklentilerim çok yüksekti, ama karşılanmadı. (Kathryn Bennett - 05/01/2025);Üzgün
Ürün kırık geldi, bu beni gerçekten üzdü. (Samantha Hodges - 12/01/2025);Üzgün
Satıcı sorularıma hiç yanıt vermedi, çok sinirliyim. (Julia Sims - 01/01/2025);Öfkeli
Ürün fiyatına göre o kadar kaliteli ki hayret ettim. (Jesse Webb - 10/01/2025);Şaşkın
İlk kez bir alışverişte bu kadar memnun kaldım. (Vanessa Chapman - 13/01/2025);Mutlu
Ürün tam zamanında geldi, çok memnunum. (Shawn Williams - 02/01/2025);Mutlu
Böylesine kötü bir hizmet almak beni çileden çıkardı. (Colleen Pearson - 06/01/2025);Öfkeli
Ürünün bu kadar kalitesiz olabileceğine inanamadım. (Marissa Miller - 07/01/2025);Öfkeli
Paketleme çok yaratıcıydı, ilk defa böyle bir şey gördüm. (Heather Rhodes - 03/01/2025);Şaşkın
Kargo çok gecikti ve ürün beklentimi karşılamadı. (Angel Andrews - 06/01/2025);Üzgün
İlk kez bir alışverişte bu kadar memnun kaldım. (Christopher Robinson - 17/01/2025);Mutlu
Ürün açıklamada belirtilenden tamamen farklı! (Samantha Trevino - 10/01/2025);Öfkeli
Bu ürün beklentilerimi tamamen karşıladı. (Clarence Thomas - 07/01/2025);Mutlu
Bu kadar uygun fiyata böyle bir kalite bulduğuma şaşırdım. (Amy Smith - 03/01/2025);Şaşkın
Fiyat performans açısından inanılmaz bir ürün! (Thomas Clayton - 12/01/2025);Şaşkın
Bu kadar güzel bir paketleme beklemiyordum, çok etkilendim. (Brandy Morris - 12/01/2025);Şaşkın
Tahmin ettiğimden çok daha sağlam bir ürün geldi. (Caleb Adams - 08/01/2025);Şaşkın
Ürün fiyatına göre o kadar kaliteli ki hayret ettim. (William Pacheco - 06/01/2025);Şaşkın
Sipariş yanlış geldi ve kimse yardımcı olmuyor. (Adam Garcia - 11/01/2025);Öfkeli
Bu kadar uygun fiyata böyle bir kalite bulduğuma şaşırdım. (James Rodriguez - 19/01/2025);Şaşkın
Fiyat performans açısından inanılmaz bir ürün! (Ricardo Knox - 17/01/2025);Şaşkın
Paketleme o kadar güzeldi ki, hayran kaldım. (Emily Bird - 11/01/2025);Mutlu
Paketleme çok yaratıcıydı, ilk defa böyle bir şey gördüm. (Sherri Ward - 10/01/2025);Şaşkın
Bu alışveriş tam bir rezaletti, paramı boşa harcadım. (Lauren Silva - 08/01/2025);Öfkeli
Destek ekibi sorunumla ilgilenmiyor, çok sinirliyim. (Oscar Gray - 20/01/2025);Öfkeli
Bu kadar kötü bir kalite beklemiyordum, hayal kırıklığına uğradım. (Michael Miranda - 01/01/2025);Üzgün
Paketleme o kadar güzeldi ki, hayran kaldım. (Carmen White - 18/01/2025);Mutlu
Ürün kırık geldi, bu beni gerçekten üzdü. (Meghan Adams - 08/01/2025);Üzgün
Keşke bu alışverişi yapmasaydım, hiç memnun kalmadım. (Samuel Holland - 11/01/2025);Üzgün
Satıcı sorularıma hiç yanıt vermedi, çok sinirliyim. (Kimberly Russell - 09/01/2025);Öfkeli
Ürünü iade etmek zorunda kaldım, üzücü bir deneyim oldu. (Dustin Espinoza - 01/01/2025);Üzgün
Beklentilerim çok yüksekti, ama karşılanmadı. (James Bryant - 03/01/2025);Üzgün
Bu ürün beklentilerimi tamamen karşıladı. (Tracy Newton - 16/01/2025);Mutlu
Hayatımda bu kadar kaliteli bir ürün görmedim. (Kenneth Miller - 09/01/2025);Mutlu
Satıcı çok ilgiliydi, bu kadarını beklemiyordum. (Dawn Henderson - 05/01/2025);Şaşkın
Üründe eksik parçalar vardı, çok üzüldüm. (Amanda Miller DDS - 18/01/2025);Üzgün
Kargo tahminimden erken geldi, şaşkınım. (Tammy Page - 21/01/2025);Şaşkın
Paketleme o kadar güzeldi ki, hayran kaldım. (Cole Lam - 11/01/2025);Mutlu
Sipariş ettiğim ürün yerine başka bir şey göndermişler. (Samuel Weaver - 14/01/2025);Üzgün
Satıcıya ulaşamıyorum, sorunumu çözmüyorlar. (Jill Ruiz - 14/01/2025);Üzgün
Satıcıya ulaşamıyorum, sorunumu çözmüyorlar. (Joe Bennett - 16/01/2025);Üzgün
Kargo tahminimden erken geldi, şaşkınım. (Angela Cole - 03/01/2025);Şaşkın
Ürünü iade etmek zorunda kaldım, üzücü bir deneyim oldu. (Bradley Bishop - 01/01/2025);Üzgün
Ürün kırık geldi, bu beni gerçekten üzdü. (Karen Jefferson - 06/01/2025);Üzgün
